{"stats":{"minecraft:used":{"minecraft:warped_fungus_on_a_stick":1,"minecraft:strider_spawn_egg":1},"minecraft:custom":{"minecraft:jump":13,"minecraft:time_since_rest":1512,"minecraft:crouch_one_cm":30,"minecraft:play_one_minute":1512,"minecraft:leave_game":1,"minecraft:sprint_one_cm":478,"minecraft:time_since_death":1512,"minecraft:walk_one_cm":304,"minecraft:sneak_time":6,"minecraft:boat_one_cm":2121,"minecraft:fly_one_cm":276},"minecraft:picked_up":{"minecraft:saddle":1,"minecraft:string":2}},"DataVersion":2525}