{"stats":{"minecraft:custom":{"minecraft:damage_dealt":10,"minecraft:time_since_rest":5645,"minecraft:minecart_one_cm":822,"minecraft:crouch_one_cm":111,"minecraft:play_one_minute":5645,"minecraft:sprint_one_cm":1407,"minecraft:walk_on_water_one_cm":136,"minecraft:time_since_death":5645,"minecraft:walk_one_cm":3461,"minecraft:sneak_time":42,"minecraft:walk_under_water_one_cm":260,"minecraft:swim_one_cm":206,"minecraft:boat_one_cm":6822,"minecraft:fly_one_cm":5648,"minecraft:jump":6},"minecraft:used":{"minecraft:minecart":3,"minecraft:rail":3,"minecraft:dark_oak_boat":2,"minecraft:strider_spawn_egg":3},"minecraft:picked_up":{"minecraft:dark_oak_planks":3,"minecraft:stick":2}},"DataVersion":2525}